{
	"schemaVersion": 1,
	"id": "robotic-sound-expansion",
	"version": "${version}",
	"name": "Robotic Sound Expansion",
	"description": "This is an example description! Tell everyone what your mod is about!",
	"authors": [
		"Me!"
	],
	"contact": {
		"homepage": "https://fabricmc.net/",
		"sources": "https://github.com/FabricMC/fabric-example-mod"
	},
	"license": "CC0-1.0",
	"icon": "assets/robotic-sound-expansion/icon.png",
	"environment": "*",
	"entrypoints": {
		"main": [
			"robotoverlord550.robotic_sound_expansion.RoboticSoundExpansion"
		],
		"client": [
			"robotoverlord550.robotic_sound_expansion.RoboticSoundExpansionClient"
		],
		"fabric-datagen": [
			"robotoverlord550.robotic_sound_expansion.RoboticSoundExpansionDataGenerator"
		]
	},
	"mixins": [
		"robotic-sound-expansion.mixins.json",
		{
			"config": "robotic-sound-expansion.client.mixins.json",
			"environment": "client"
		}
	],
	"depends": {
		"fabricloader": ">=0.18.4",
		"minecraft": "~1.20.1",
		"java": ">=17",
		"fabric-api": "*"
	}
}